DAFTAR  IMPORTIR KOTA BATU TAHUN 2019,,,,,
,,,,,
"SKPD PENANGGUNG JAWAB : DINAS KOPERASI, USAHA MIKRO DAN PERDAGANGAN",,,,,
BIDANG URUSAN :  BIDANG PERDAGANGAN,,,,,
No,Nama Perusahaan,Komoditi,Nama,Alamat,Telp.
1,Cv Arjuna Flora,"Bunga Potong,  Pasta Ketela Ungu, Bunga Sandersonia",Ir. Luki Budiarti,"Jl. Raya Arjuna Ds. Tulungrejo,  Kec. Bumiaji ",8123383313
2,Cv Cempaka Mulya ,"Tanaman Hias, Rumput Golf",Mawardi,Jl. Cemara Kipas 105 Ds. Sidomulyo,-
4,Cv. Bunga Wangsa Sedjati,Kosmetika,-,Jl. Kartika 2 Kel. Sisir ,-
5,Pt. Biotop Cahaya Makmur,Kosmetika,Sunamah Siswanti,Jl. Al mutasin 60 Dsn. Rejoso Junrejo Kec. Junrejo,0341-7781688
6,Cv. Odif Media Pratama Vakum,Lokal Minyak Kuda,Ida,Jl. Sultan Agung 9 Kel. Sisir,-
7,Cv. Surya Anugrah ,"Bawang Merah Dan Putih, Kurma, Kacang Kedelai",-,Jl. Sudarno 5 Kel. Ngaglik ,-
